<?xml version="1.0" encoding="UTF-8"?>
<project-private xmlns="http://www.netbeans.org/ns/project-private/1">
    <editor-bookmarks xmlns="http://www.netbeans.org/ns/editor-bookmarks/2" lastBookmarkId="0"/>
    <open-files xmlns="http://www.netbeans.org/ns/projectui-open-files/2">
        <group>
            <file>file:/C:/Users/gunnnu/Documents/NetBeansProjects_old/HeartDiseasePredictionSystem/web/graph.jsp</file>
            <file>file:/C:/Users/gunnnu/Documents/NetBeansProjects_old/HeartDiseasePredictionSystem/script/_cam_correct_xamp.sql</file>
        </group>
    </open-files>
</project-private>
